year,per capita income (US$)
2020,41288.69409441762
2021,42117.15916964039
2022,42945.624244862935
2023,43774.08932008571
2024,44602.554395308485
2025,45431.01947053103
2026,46259.4845457538
